id, type, name, status, description, epic
[Kanban.Task{name='Task1', description='Task1_description', id=1, status=NEW}]
id, type, name, status, description, epic
[Kanban.Task{name='Task2', description='Task2_description', id=2, status=NEW}]
id, type, name, status, description, epic
[Kanban.Task{name='Task3', description='Task3_description', id=3, status=NEW}]
id, type, name, status, description, epic
[Kanban.Epic{subtasks=[], name='Epic1', description='Epic1_description', id=4, status=NEW}]
id, type, name, status, description, epic
[Kanban.Epic{subtasks=[], name='Epic2', description='Epic2_description', id=5, status=NEW}]
id, type, name, status, description, epic
[Kanban.Epic{subtasks=[], name='Epic3', description='Epic3_description', id=6, status=NEW}]
id, type, name, status, description, epic
[Kanban.Subtask{epicID=4, name='Subtask1', description='Subtask1_description', id=7, status=NEW}]
id, type, name, status, description, epic
[Kanban.Subtask{epicID=4, name='Subtask2', description='Subtask2_description', id=8, status=NEW}]
id, type, name, status, description, epic
[Kanban.Subtask{epicID=4, name='Subtask3', description='Subtask3_description', id=9, status=NEW}]
id, type, name, status, description, epic
[Kanban.Subtask{epicID=4, name='Subtask3', description='Subtask3_description', id=9, status=NEW}]
1, id, type, name, status, description, epic
[Kanban.Subtask{epicID=4, name='Subtask3', description='Subtask3_description', id=9, status=NEW}]
2, id, type, name, status, description, epic
[Kanban.Subtask{epicID=4, name='Subtask3', description='Subtask3_description', id=9, status=NEW}]
3, id, type, name, status, description, epic
[Kanban.Subtask{epicID=4, name='Subtask3', description='Subtask3_description', id=9, status=NEW}]
4, id, type, name, status, description, epic
[Kanban.Subtask{epicID=4, name='Subtask3', description='Subtask3_description', id=9, status=NEW}]
5, id, type, name, status, description, epic
[Kanban.Subtask{epicID=4, name='Subtask3', description='Subtask3_description', id=9, status=NEW}]
6, id, type, name, status, description, epic
[Kanban.Subtask{epicID=4, name='Subtask3', description='Subtask3_description', id=9, status=NEW}]
7, id, type, name, status, description, epic
[Kanban.Subtask{epicID=4, name='Subtask3', description='Subtask3_description', id=9, status=NEW}]
8, id, type, name, status, description, epic
[Kanban.Subtask{epicID=4, name='Subtask3', description='Subtask3_description', id=9, status=NEW}]
9, 